file,species
0021e90e4.png,Sugar beet
003d61042.png,Sugar beet
007b3da8b.png,Sugar beet
0086a6340.png,Sugar beet
00c47e980.png,Sugar beet
00d090cde.png,Sugar beet
00ef713a8.png,Sugar beet
01291174f.png,Sugar beet
026716f9b.png,Sugar beet
02cfeb38d.png,Sugar beet
03566743d.png,Sugar beet
03a2ee656.png,Sugar beet
03e322a29.png,Sugar beet
03ef36742.png,Sugar beet
043449b0b.png,Sugar beet
0437393b1.png,Sugar beet
04814f36d.png,Sugar beet
05341a8a6.png,Sugar beet
060450d79.png,Sugar beet
060f1dc84.png,Sugar beet
0625f063b.png,Sugar beet
063363305.png,Sugar beet
06d12f6fa.png,Sugar beet
071cb3ece.png,Sugar beet
0751c0bbc.png,Sugar beet
07e62f903.png,Sugar beet
085974290.png,Sugar beet
0885e7690.png,Sugar beet
089ad62a7.png,Sugar beet
08d591441.png,Sugar beet
0911d3dee.png,Sugar beet
099b961ec.png,Sugar beet
0a64e3e6c.png,Sugar beet
0ad9e7dfb.png,Sugar beet
0ae6668fa.png,Sugar beet
0bf7bfb05.png,Sugar beet
0c27cf05f.png,Sugar beet
0c4199daa.png,Sugar beet
0c45ace27.png,Sugar beet
0c51bf229.png,Sugar beet
0c5f6c493.png,Sugar beet
0caeda5df.png,Sugar beet
0d117d910.png,Sugar beet
0d31e6602.png,Sugar beet
0dba99002.png,Sugar beet
0e8492cb1.png,Sugar beet
0ebf8f2f4.png,Sugar beet
0ee4ad224.png,Sugar beet
0f6cbe5e8.png,Sugar beet
0fb233ad6.png,Sugar beet
115f93ecc.png,Sugar beet
116b136de.png,Sugar beet
1191ba346.png,Sugar beet
11d3f68ff.png,Sugar beet
122913909.png,Sugar beet
12625488b.png,Sugar beet
126a71ce0.png,Sugar beet
1312065a5.png,Sugar beet
1364b297a.png,Sugar beet
1376f3b63.png,Sugar beet
13b9fa92d.png,Sugar beet
1459e96a0.png,Sugar beet
148bbda66.png,Sugar beet
14bb43eee.png,Sugar beet
1541bdb2e.png,Sugar beet
1623fb9e1.png,Sugar beet
16357b436.png,Sugar beet
16467a950.png,Sugar beet
165681fd9.png,Sugar beet
1694a70e4.png,Sugar beet
16fd2e01a.png,Sugar beet
172f9b10b.png,Sugar beet
17529c555.png,Sugar beet
1758a1baf.png,Sugar beet
177d7e2a4.png,Sugar beet
17a78fb44.png,Sugar beet
17d5e5ac4.png,Sugar beet
1821eb11a.png,Sugar beet
187668bde.png,Sugar beet
1926e82fd.png,Sugar beet
19618ad6a.png,Sugar beet
19b51843a.png,Sugar beet
19e58cc5e.png,Sugar beet
19fdf19fb.png,Sugar beet
1b490196c.png,Sugar beet
1b6a6494d.png,Sugar beet
1be0713da.png,Sugar beet
1bf9b94a6.png,Sugar beet
1c52ea820.png,Sugar beet
1c680883c.png,Sugar beet
1cfd91582.png,Sugar beet
1d0cbd819.png,Sugar beet
1d321253f.png,Sugar beet
1d48b7564.png,Sugar beet
1d56351b2.png,Sugar beet
1dc7c45df.png,Sugar beet
1e095a7e1.png,Sugar beet
1f290e016.png,Sugar beet
1f3f44563.png,Sugar beet
1f5e5554e.png,Sugar beet
1fefb54b7.png,Sugar beet
205df1df3.png,Sugar beet
20817c846.png,Sugar beet
20e562fd5.png,Sugar beet
20ea96bcc.png,Sugar beet
20f983a71.png,Sugar beet
2126dc71b.png,Sugar beet
219fd68d5.png,Sugar beet
223e4af09.png,Sugar beet
22e79540f.png,Sugar beet
22fbf13d6.png,Sugar beet
239bdf640.png,Sugar beet
23bc8ec4f.png,Sugar beet
23e480e64.png,Sugar beet
2406d6c99.png,Sugar beet
241e6935a.png,Sugar beet
248436078.png,Sugar beet
24a058589.png,Sugar beet
24c94a6ca.png,Sugar beet
24d36c52c.png,Sugar beet
24d78df74.png,Sugar beet
24dbc3b21.png,Sugar beet
258b1183c.png,Sugar beet
25a4c427e.png,Sugar beet
25cf6eb73.png,Sugar beet
25fa8d109.png,Sugar beet
26852751a.png,Sugar beet
2693e5c65.png,Sugar beet
26e7ae885.png,Sugar beet
270b939cf.png,Sugar beet
279df95f2.png,Sugar beet
288564c76.png,Sugar beet
29bab7cad.png,Sugar beet
29ce426a1.png,Sugar beet
29f49cd0b.png,Sugar beet
2a5064f19.png,Sugar beet
2a667e099.png,Sugar beet
2b55a2da2.png,Sugar beet
2bd74d2da.png,Sugar beet
2d5058a59.png,Sugar beet
2d992d1fb.png,Sugar beet
2d9c798f9.png,Sugar beet
2dd5cfba9.png,Sugar beet
2df78338c.png,Sugar beet
2e86f1085.png,Sugar beet
2ea664465.png,Sugar beet
2f0004a7f.png,Sugar beet
2f246d688.png,Sugar beet
2ff5cb348.png,Sugar beet
30ad31220.png,Sugar beet
3185294c8.png,Sugar beet
31f3dd81f.png,Sugar beet
31fcdc161.png,Sugar beet
3281183f9.png,Sugar beet
32a8c8a1d.png,Sugar beet
32b42c120.png,Sugar beet
32c86784b.png,Sugar beet
33317fc2a.png,Sugar beet
33448fe39.png,Sugar beet
33748968f.png,Sugar beet
338c7e907.png,Sugar beet
34dd57ca9.png,Sugar beet
3526b05cc.png,Sugar beet
35a90f8d0.png,Sugar beet
35cf9fa01.png,Sugar beet
35ebe165c.png,Sugar beet
36839d5e9.png,Sugar beet
36d62bf36.png,Sugar beet
36ed4f215.png,Sugar beet
37297a64c.png,Sugar beet
37714071b.png,Sugar beet
377283a21.png,Sugar beet
37c3108d6.png,Sugar beet
37e545a60.png,Sugar beet
3827436f3.png,Sugar beet
38c054379.png,Sugar beet
391dcd7fd.png,Sugar beet
39858776a.png,Sugar beet
39b740f7e.png,Sugar beet
39c8fde99.png,Sugar beet
39d569be4.png,Sugar beet
3a909ead8.png,Sugar beet
3abb502fb.png,Sugar beet
3b73c3b61.png,Sugar beet
3bbef3ecb.png,Sugar beet
3d38a87bc.png,Sugar beet
3d65168c2.png,Sugar beet
3d67c434b.png,Sugar beet
3da774107.png,Sugar beet
3dd52bd2a.png,Sugar beet
3e9f41817.png,Sugar beet
3ebbe9ca4.png,Sugar beet
3eda9cbb6.png,Sugar beet
3edf5e9ef.png,Sugar beet
3eebd36c6.png,Sugar beet
3efa1f66c.png,Sugar beet
3f64c2c1b.png,Sugar beet
3f826b318.png,Sugar beet
3f92d8039.png,Sugar beet
3fbd0fc6a.png,Sugar beet
3fbf1a417.png,Sugar beet
4049a6ea6.png,Sugar beet
406162ef9.png,Sugar beet
406ecb5c5.png,Sugar beet
410e6f702.png,Sugar beet
41e07778c.png,Sugar beet
41f1c3cdb.png,Sugar beet
4287d810c.png,Sugar beet
429211ee6.png,Sugar beet
42e7ed442.png,Sugar beet
4392d93cf.png,Sugar beet
43ede9de9.png,Sugar beet
444473900.png,Sugar beet
446f7da01.png,Sugar beet
44e8b8833.png,Sugar beet
456d507c0.png,Sugar beet
466bb6d3b.png,Sugar beet
46c14fde2.png,Sugar beet
47b7d8e17.png,Sugar beet
47f9e5d91.png,Sugar beet
48231e475.png,Sugar beet
4823c3ffa.png,Sugar beet
486e59179.png,Sugar beet
48d97c645.png,Sugar beet
48ef6a2ff.png,Sugar beet
490c4f9c8.png,Sugar beet
4a337a4a9.png,Sugar beet
4ac29bbf0.png,Sugar beet
4b032563b.png,Sugar beet
4b155fb07.png,Sugar beet
4bbf1f6ea.png,Sugar beet
4bbfd1e05.png,Sugar beet
4bcdaa5e2.png,Sugar beet
4c5ab9b68.png,Sugar beet
4c7838de4.png,Sugar beet
4c8005bbc.png,Sugar beet
4e1190d78.png,Sugar beet
4e18ab737.png,Sugar beet
4e69d100a.png,Sugar beet
4e9d3765f.png,Sugar beet
4ea7493d5.png,Sugar beet
4f44ca525.png,Sugar beet
4f83143e1.png,Sugar beet
502dff972.png,Sugar beet
506347cfe.png,Sugar beet
50de8a115.png,Sugar beet
521b27a17.png,Sugar beet
523e5505c.png,Sugar beet
5296835a0.png,Sugar beet
52a87abe5.png,Sugar beet
52dc7a4d6.png,Sugar beet
5315c2dca.png,Sugar beet
534e74d83.png,Sugar beet
539961189.png,Sugar beet
53ceb4657.png,Sugar beet
53e6e9000.png,Sugar beet
54b3afd58.png,Sugar beet
54c8bb900.png,Sugar beet
550a8b7e6.png,Sugar beet
55251925f.png,Sugar beet
558aa7deb.png,Sugar beet
55920f07f.png,Sugar beet
55a852f40.png,Sugar beet
55fed435f.png,Sugar beet
56112b92c.png,Sugar beet
56a01b835.png,Sugar beet
5779fe8b4.png,Sugar beet
5817b766d.png,Sugar beet
5883b423d.png,Sugar beet
589e643b8.png,Sugar beet
590f5aea6.png,Sugar beet
592473c83.png,Sugar beet
592cc5b89.png,Sugar beet
59358cd44.png,Sugar beet
593896f83.png,Sugar beet
599691cd9.png,Sugar beet
599c82eea.png,Sugar beet
59b2c6f2b.png,Sugar beet
59c6a9f95.png,Sugar beet
59e1cea8d.png,Sugar beet
59f62ad1d.png,Sugar beet
5a38ac566.png,Sugar beet
5a6bf96f6.png,Sugar beet
5af1d74ee.png,Sugar beet
5b3000b9a.png,Sugar beet
5b3beec58.png,Sugar beet
5b63dcc21.png,Sugar beet
5bbc0a255.png,Sugar beet
5bc6595f6.png,Sugar beet
5bd71f445.png,Sugar beet
5bdcfa329.png,Sugar beet
5c3cd7ea2.png,Sugar beet
5ca0205f9.png,Sugar beet
5ca2687a4.png,Sugar beet
5dcad9a53.png,Sugar beet
5e6a237f2.png,Sugar beet
5eb9c26a6.png,Sugar beet
5ee9d0a5b.png,Sugar beet
5f04aed97.png,Sugar beet
6049234e6.png,Sugar beet
604dd663f.png,Sugar beet
606647f64.png,Sugar beet
60ee66ddd.png,Sugar beet
60f0bc617.png,Sugar beet
60fea2ef6.png,Sugar beet
615d2b0a9.png,Sugar beet
618de3d7a.png,Sugar beet
61b044411.png,Sugar beet
61dd2cdc5.png,Sugar beet
632156793.png,Sugar beet
63c07d340.png,Sugar beet
647689543.png,Sugar beet
64fe8beb9.png,Sugar beet
653193c1a.png,Sugar beet
65489944f.png,Sugar beet
659412b1a.png,Sugar beet
65d08b894.png,Sugar beet
65e262a6d.png,Sugar beet
65e97117e.png,Sugar beet
664194d19.png,Sugar beet
6680836dd.png,Sugar beet
668c1007c.png,Sugar beet
66ab0e8d0.png,Sugar beet
675ec1b0b.png,Sugar beet
67ce3eaa6.png,Sugar beet
67e185673.png,Sugar beet
686dc7ec8.png,Sugar beet
6908fb540.png,Sugar beet
6982a9d30.png,Sugar beet
699d3c707.png,Sugar beet
69d1669f8.png,Sugar beet
6a41bf95b.png,Sugar beet
6a47821f9.png,Sugar beet
6b721f68e.png,Sugar beet
6b9d6f8c9.png,Sugar beet
6ba4ef411.png,Sugar beet
6bce55e05.png,Sugar beet
6be169e41.png,Sugar beet
6c874918c.png,Sugar beet
6d6eb3830.png,Sugar beet
6da892be6.png,Sugar beet
6db684fff.png,Sugar beet
6dd095129.png,Sugar beet
6df8e31ea.png,Sugar beet
6edb96d45.png,Sugar beet
6edc76e7c.png,Sugar beet
711b46fba.png,Sugar beet
71334c634.png,Sugar beet
71b232519.png,Sugar beet
71e73a8a0.png,Sugar beet
71f5323c5.png,Sugar beet
721b2c47a.png,Sugar beet
721be0a4a.png,Sugar beet
728eabae1.png,Sugar beet
73260a4ee.png,Sugar beet
74068643d.png,Sugar beet
74d810f87.png,Sugar beet
74fd477eb.png,Sugar beet
7506c0c02.png,Sugar beet
752101fdf.png,Sugar beet
754b1adf8.png,Sugar beet
756dd5070.png,Sugar beet
75cb95e91.png,Sugar beet
7615e52d3.png,Sugar beet
76555b064.png,Sugar beet
7691014a1.png,Sugar beet
7696badea.png,Sugar beet
76dbd1054.png,Sugar beet
770a265f5.png,Sugar beet
77ccb8b2a.png,Sugar beet
780bd2a2c.png,Sugar beet
780defa2e.png,Sugar beet
785a73ab8.png,Sugar beet
78750e0ff.png,Sugar beet
78b1bf91a.png,Sugar beet
78c5fba1d.png,Sugar beet
79d93bc96.png,Sugar beet
79dafec17.png,Sugar beet
79e5ea8fa.png,Sugar beet
79fba50db.png,Sugar beet
7a38416be.png,Sugar beet
7b21ba6ba.png,Sugar beet
7b52585da.png,Sugar beet
7beb2766f.png,Sugar beet
7c85b0265.png,Sugar beet
7cabd68cc.png,Sugar beet
7d22abf91.png,Sugar beet
7d3045fc3.png,Sugar beet
7d4cd07ad.png,Sugar beet
7e9cf1c46.png,Sugar beet
7f31c7f42.png,Sugar beet
7f46a71db.png,Sugar beet
7f9e9565d.png,Sugar beet
7fdb7202d.png,Sugar beet
800a8c17e.png,Sugar beet
808578ed5.png,Sugar beet
808cf55c6.png,Sugar beet
809eb0b82.png,Sugar beet
80e299ae9.png,Sugar beet
8104422bb.png,Sugar beet
8170d33c1.png,Sugar beet
824f5d4e5.png,Sugar beet
827279bad.png,Sugar beet
82b5f4d33.png,Sugar beet
8301b0547.png,Sugar beet
8303b27ed.png,Sugar beet
8311740de.png,Sugar beet
835dc5447.png,Sugar beet
837ac0270.png,Sugar beet
8455169fe.png,Sugar beet
851c90831.png,Sugar beet
85431c075.png,Sugar beet
855955aaf.png,Sugar beet
856f2910a.png,Sugar beet
8585f9718.png,Sugar beet
862b8e7a0.png,Sugar beet
86676d627.png,Sugar beet
866be78b0.png,Sugar beet
86c309150.png,Sugar beet
86f08e6d1.png,Sugar beet
87608f7aa.png,Sugar beet
87f627bf9.png,Sugar beet
8874bba69.png,Sugar beet
88ac6df54.png,Sugar beet
88d8a4508.png,Sugar beet
8916793ce.png,Sugar beet
892e9d6c6.png,Sugar beet
897e5a8de.png,Sugar beet
8a30b2de3.png,Sugar beet
8a32d0bfa.png,Sugar beet
8a4d3a1b1.png,Sugar beet
8a8d6c712.png,Sugar beet
8ab8a958b.png,Sugar beet
8b043093d.png,Sugar beet
8b27bfd2b.png,Sugar beet
8b9144917.png,Sugar beet
8bc0261c9.png,Sugar beet
8c98a6e9b.png,Sugar beet
8c9953903.png,Sugar beet
8ca6140ca.png,Sugar beet
8cf2e3e6c.png,Sugar beet
8cf909eb3.png,Sugar beet
8cfd98117.png,Sugar beet
8d6991365.png,Sugar beet
8d6acbe9b.png,Sugar beet
8db450ce3.png,Sugar beet
8dbb8e1b9.png,Sugar beet
8e29abce1.png,Sugar beet
8e2e5604e.png,Sugar beet
8e3ed0a25.png,Sugar beet
8e4eaeec0.png,Sugar beet
8e6ec1ca6.png,Sugar beet
8ece6efec.png,Sugar beet
8f523520c.png,Sugar beet
8faadb6a8.png,Sugar beet
90b595f12.png,Sugar beet
90d119d25.png,Sugar beet
91e469b4a.png,Sugar beet
92292055d.png,Sugar beet
93079d970.png,Sugar beet
9326bda1b.png,Sugar beet
93d76fd5d.png,Sugar beet
948cdb277.png,Sugar beet
9516e56c4.png,Sugar beet
953496deb.png,Sugar beet
958bb9e96.png,Sugar beet
963544aa0.png,Sugar beet
9643fc5f4.png,Sugar beet
966ae5ad9.png,Sugar beet
969a851be.png,Sugar beet
96ecad7a1.png,Sugar beet
96f14d90c.png,Sugar beet
974959ec1.png,Sugar beet
976e4e079.png,Sugar beet
97844bfd5.png,Sugar beet
97b2f0a10.png,Sugar beet
98062cd87.png,Sugar beet
98d819587.png,Sugar beet
98da6ef4e.png,Sugar beet
99036c51d.png,Sugar beet
99569b224.png,Sugar beet
995c7ab1e.png,Sugar beet
9a3f20121.png,Sugar beet
9aa5587fe.png,Sugar beet
9b4800b42.png,Sugar beet
9b9911f20.png,Sugar beet
9baf94467.png,Sugar beet
9c0c5b731.png,Sugar beet
9c32a797e.png,Sugar beet
9c777333d.png,Sugar beet
9c8b08a24.png,Sugar beet
9cce7328c.png,Sugar beet
9d3cb4745.png,Sugar beet
9d79a1f0c.png,Sugar beet
9df3275da.png,Sugar beet
9fab816f2.png,Sugar beet
a006a475c.png,Sugar beet
a060c1cf8.png,Sugar beet
a0b393945.png,Sugar beet
a0f37c726.png,Sugar beet
a169b71e7.png,Sugar beet
a19c3faca.png,Sugar beet
a1da8be3c.png,Sugar beet
a1e0a6c02.png,Sugar beet
a254d71f6.png,Sugar beet
a276c65f7.png,Sugar beet
a2b703e21.png,Sugar beet
a2c89c367.png,Sugar beet
a2d25b4f3.png,Sugar beet
a35fd6fbb.png,Sugar beet
a38b8a581.png,Sugar beet
a3b375b34.png,Sugar beet
a3d0031fd.png,Sugar beet
a4b61a4ea.png,Sugar beet
a544fc46d.png,Sugar beet
a55d26a4c.png,Sugar beet
a5db42f7d.png,Sugar beet
a74bf916d.png,Sugar beet
a74d475c2.png,Sugar beet
a7bd7cadb.png,Sugar beet
a800caead.png,Sugar beet
a83820a2c.png,Sugar beet
a8388a37f.png,Sugar beet
a85b48a95.png,Sugar beet
a85fc8c9a.png,Sugar beet
a890ac088.png,Sugar beet
a8b431a3e.png,Sugar beet
a8c8a1db0.png,Sugar beet
a8da9c08d.png,Sugar beet
a8de7c1b7.png,Sugar beet
a935ca110.png,Sugar beet
a93f940d6.png,Sugar beet
a9d2eab61.png,Sugar beet
aa7d098d1.png,Sugar beet
aad8375e0.png,Sugar beet
aaf4da98f.png,Sugar beet
ab0f67743.png,Sugar beet
ab35453cb.png,Sugar beet
abc331628.png,Sugar beet
abf8b0772.png,Sugar beet
ac3193f78.png,Sugar beet
ac75d3326.png,Sugar beet
acdb75e00.png,Sugar beet
ace8761dd.png,Sugar beet
ad12382d4.png,Sugar beet
adb7a032c.png,Sugar beet
ae90f2827.png,Sugar beet
aecfaed64.png,Sugar beet
aee6fa3df.png,Sugar beet
af45e222a.png,Sugar beet
afa446484.png,Sugar beet
afcf6abd5.png,Sugar beet
b026bf8ca.png,Sugar beet
b03397525.png,Sugar beet
b0acaff4a.png,Sugar beet
b130a0632.png,Sugar beet
b145ba9d4.png,Sugar beet
b1cd2a91e.png,Sugar beet
b215531dd.png,Sugar beet
b2706e2b3.png,Sugar beet
b29339405.png,Sugar beet
b30ab4659.png,Sugar beet
b31292706.png,Sugar beet
b341d0aab.png,Sugar beet
b39c71707.png,Sugar beet
b3d6fdb80.png,Sugar beet
b3e08b037.png,Sugar beet
b47691c08.png,Sugar beet
b4c3df835.png,Sugar beet
b4f7c9214.png,Sugar beet
b573b7a56.png,Sugar beet
b5c7fd009.png,Sugar beet
b62dca166.png,Sugar beet
b687160f5.png,Sugar beet
b6a3f7876.png,Sugar beet
b6f3d8b5d.png,Sugar beet
b7192c70f.png,Sugar beet
b7a7f6390.png,Sugar beet
b7ad92859.png,Sugar beet
b828443ff.png,Sugar beet
b9062c1c8.png,Sugar beet
b944a49ca.png,Sugar beet
b98327bf4.png,Sugar beet
ba3ce6b3e.png,Sugar beet
bb1c84bbc.png,Sugar beet
bb1d1bfd3.png,Sugar beet
bb20fce02.png,Sugar beet
bb64660b7.png,Sugar beet
bb7621cb3.png,Sugar beet
bd72d4d8a.png,Sugar beet
bd789d151.png,Sugar beet
bdde957ec.png,Sugar beet
be2499cf4.png,Sugar beet
be341dbdc.png,Sugar beet
bea23d9f8.png,Sugar beet
bebcaab66.png,Sugar beet
beebe5f4e.png,Sugar beet
bf3924a57.png,Sugar beet
bf66b9cd2.png,Sugar beet
bfab3e3d0.png,Sugar beet
bffc08672.png,Sugar beet
c0461776c.png,Sugar beet
c069fc3fa.png,Sugar beet
c06e7c748.png,Sugar beet
c0bc3997b.png,Sugar beet
c0d9e170b.png,Sugar beet
c0f5d9ac8.png,Sugar beet
c10ccbd82.png,Sugar beet
c10db7ae2.png,Sugar beet
c1ecff98b.png,Sugar beet
c26ccf73c.png,Sugar beet
c2de6020a.png,Sugar beet
c35efa095.png,Sugar beet
c4ed8ed38.png,Sugar beet
c50335991.png,Sugar beet
c5078bac5.png,Sugar beet
c5e419015.png,Sugar beet
c5e88cd42.png,Sugar beet
c60e91e07.png,Sugar beet
c63da993b.png,Sugar beet
c64370a72.png,Sugar beet
c6b76307d.png,Sugar beet
c6c8d4ba0.png,Sugar beet
c7051c902.png,Sugar beet
c74c5b7fc.png,Sugar beet
c75a82234.png,Sugar beet
c7ae30f3a.png,Sugar beet
c7b07431e.png,Sugar beet
c7eb96871.png,Sugar beet
c832e4302.png,Sugar beet
c85ef220d.png,Sugar beet
c88ebfb47.png,Sugar beet
c8f50f0c3.png,Sugar beet
caa2fbd79.png,Sugar beet
cadab6616.png,Sugar beet
cae684f8f.png,Sugar beet
cb496f36e.png,Sugar beet
cb76a7766.png,Sugar beet
cbba27d89.png,Sugar beet
cbe761896.png,Sugar beet
cc3d2a59a.png,Sugar beet
cc74feadc.png,Sugar beet
cd5f0db1c.png,Sugar beet
cd6adba97.png,Sugar beet
ce15eee52.png,Sugar beet
ce3d280eb.png,Sugar beet
ce42adffb.png,Sugar beet
cec5bf198.png,Sugar beet
cf3a8b2fd.png,Sugar beet
cf46d09c5.png,Sugar beet
cf90fc52d.png,Sugar beet
cfb18d262.png,Sugar beet
cfd8165e9.png,Sugar beet
d0152bd7c.png,Sugar beet
d01873fdd.png,Sugar beet
d09275360.png,Sugar beet
d09d24c58.png,Sugar beet
d0cdc768f.png,Sugar beet
d102e1a15.png,Sugar beet
d14aa43f3.png,Sugar beet
d17f48d3b.png,Sugar beet
d2f0f326e.png,Sugar beet
d2f422ccb.png,Sugar beet
d2fd9df40.png,Sugar beet
d3331e071.png,Sugar beet
d350a25fa.png,Sugar beet
d41d87796.png,Sugar beet
d488a4fe1.png,Sugar beet
d515398fd.png,Sugar beet
d563be369.png,Sugar beet
d5f7dd60a.png,Sugar beet
d668409ff.png,Sugar beet
d689256be.png,Sugar beet
d6c8c3c48.png,Sugar beet
d6d31dcbe.png,Sugar beet
d6d80a321.png,Sugar beet
d7017f701.png,Sugar beet
d84d37a61.png,Sugar beet
d89db156f.png,Sugar beet
d8f4923f8.png,Sugar beet
d93c7ab6d.png,Sugar beet
d9c50616e.png,Sugar beet
da231c97f.png,Sugar beet
da4ed3a28.png,Sugar beet
da5255450.png,Sugar beet
da713c465.png,Sugar beet
da9ef7858.png,Sugar beet
dabe3e5be.png,Sugar beet
dabea05f4.png,Sugar beet
dc4cd56a3.png,Sugar beet
dc55449b2.png,Sugar beet
dcd7ff249.png,Sugar beet
dce2f6612.png,Sugar beet
dd5ec63d9.png,Sugar beet
dd9f36df7.png,Sugar beet
de0b79659.png,Sugar beet
df11d56a7.png,Sugar beet
df521c0c0.png,Sugar beet
df7cb5f87.png,Sugar beet
dfb1d9012.png,Sugar beet
e0ec5b6a1.png,Sugar beet
e14afa235.png,Sugar beet
e15472085.png,Sugar beet
e15fce4f2.png,Sugar beet
e1809cef2.png,Sugar beet
e19673dc9.png,Sugar beet
e19ad6ac9.png,Sugar beet
e1a0e3202.png,Sugar beet
e1abb4ff9.png,Sugar beet
e3f50adfc.png,Sugar beet
e471f1d3a.png,Sugar beet
e478c452c.png,Sugar beet
e4a76885b.png,Sugar beet
e4d5ec761.png,Sugar beet
e5064f6be.png,Sugar beet
e52493d0b.png,Sugar beet
e5297b675.png,Sugar beet
e5368474f.png,Sugar beet
e5881dd33.png,Sugar beet
e5e3dccff.png,Sugar beet
e6f1211a2.png,Sugar beet
e7077322d.png,Sugar beet
e721c6ac8.png,Sugar beet
e73e308be.png,Sugar beet
e783f5a4f.png,Sugar beet
e80a259c5.png,Sugar beet
e82017baa.png,Sugar beet
e84464f5a.png,Sugar beet
e88bf0db9.png,Sugar beet
e901b0f28.png,Sugar beet
e921021a8.png,Sugar beet
e96e57a90.png,Sugar beet
e98e5d1d5.png,Sugar beet
e9cd91682.png,Sugar beet
e9d48d664.png,Sugar beet
eaf0815e2.png,Sugar beet
ec08a5d56.png,Sugar beet
ede6b84b4.png,Sugar beet
edfdb4aeb.png,Sugar beet
eec1079a1.png,Sugar beet
eef131644.png,Sugar beet
ef02b4ee7.png,Sugar beet
ef3e232ad.png,Sugar beet
ef65533d5.png,Sugar beet
ef74dbcad.png,Sugar beet
ef7a5651d.png,Sugar beet
ef9676433.png,Sugar beet
efe19dc32.png,Sugar beet
f0ffa00bd.png,Sugar beet
f1e87cba7.png,Sugar beet
f1f7c833f.png,Sugar beet
f23faf9c1.png,Sugar beet
f25996db8.png,Sugar beet
f2dc546ca.png,Sugar beet
f33e9d918.png,Sugar beet
f351ce097.png,Sugar beet
f3fcfff1b.png,Sugar beet
f4021df6c.png,Sugar beet
f4234cf4f.png,Sugar beet
f445fe6fb.png,Sugar beet
f48916a8c.png,Sugar beet
f4ad9d950.png,Sugar beet
f4caf74f9.png,Sugar beet
f4e7733d4.png,Sugar beet
f593c9cf0.png,Sugar beet
f66ae4070.png,Sugar beet
f6d250856.png,Sugar beet
f8318faf1.png,Sugar beet
f85ed9b6d.png,Sugar beet
f9b6bfb00.png,Sugar beet
f9ea23fb5.png,Sugar beet
f9f35cbd4.png,Sugar beet
fa5fd1384.png,Sugar beet
fa9f3a8f9.png,Sugar beet
fadc6adbc.png,Sugar beet
fb022edf9.png,Sugar beet
fba8fc78a.png,Sugar beet
fbf88b6be.png,Sugar beet
fc3e58836.png,Sugar beet
fc6f686fb.png,Sugar beet
fd253a74e.png,Sugar beet
fd87b36ae.png,Sugar beet
fd925f542.png,Sugar beet
fda0b5c38.png,Sugar beet
fda39e16f.png,Sugar beet
fdea6b119.png,Sugar beet
fe29629fb.png,Sugar beet
fe9e87b78.png,Sugar beet
fea1d13d6.png,Sugar beet
fea355851.png,Sugar beet
fea3da57c.png,Sugar beet
fef2ade8c.png,Sugar beet
ff65bc002.png,Sugar beet
ffc6f8527.png,Sugar beet
